,name,accepted_ipni_id,accepted_name,accepted_name_w_author,accepted_family,accepted_rank,accepted_species,accepted_species_w_author,accepted_species_ipni_id,accepted_parent,plant_name_id,taxon_status,matched_by,matched_name
0,pueraria lobata,967441-1,Pueraria montana var. lobata,Pueraria montana var. lobata (Willd.) Maesen & S.M.Almeida ex Sanjappa & Predeep,Fabaceae,Variety,Pueraria montana,Pueraria montana (Lour.) Merr.,516708-1,Pueraria montana,2537359,Synonym,direct_wcvp_unique,Pueraria lobata
1,digitalis lanata ehrh,802028-1,Digitalis lanata,Digitalis lanata Ehrh.,Plantaginaceae,Species,Digitalis lanata,Digitalis lanata Ehrh.,802028-1,Digitalis,2768027,Accepted,direct_wcvp_w_author_unique,Digitalis lanata Ehrh.
2,berberis empetrifolia lam,106632-1,Berberis empetrifolia,Berberis empetrifolia Lam.,Berberidaceae,Species,Berberis empetrifolia,Berberis empetrifolia Lam.,106632-1,Berberis,2673747,Accepted,direct_wcvp_w_author_unique,Berberis empetrifolia Lam.
3,mentha spicata l,451162-1,Mentha spicata,Mentha spicata L.,Lamiaceae,Species,Mentha spicata,Mentha spicata L.,451162-1,Mentha,125402,Accepted,direct_wcvp_w_author_unique,Mentha spicata L.
4,jeffersonia diphylla (l.) pers,1187336-2,Jeffersonia diphylla,Jeffersonia diphylla (L.) Pers.,Berberidaceae,Species,Jeffersonia diphylla,Jeffersonia diphylla (L.) Pers.,1187336-2,Jeffersonia,2332915,Accepted,direct_wcvp_w_author_unique,Jeffersonia diphylla (L.) Pers.
7,satureja montana,457736-1,Satureja montana,Satureja montana L.,Lamiaceae,Species,Satureja montana,Satureja montana L.,457736-1,Satureja,185794,Accepted,direct_wcvp_unique,Satureja montana
8,sambucus nigra,30122169-2,Sambucus nigra,Sambucus nigra L.,Viburnaceae,Species,Sambucus nigra,Sambucus nigra L.,30122169-2,Sambucus,2486519,Accepted,direct_wcvp,Sambucus nigra
9,cucurbita pepo,292416-1,Cucurbita pepo,Cucurbita pepo L.,Cucurbitaceae,Species,Cucurbita pepo,Cucurbita pepo L.,292416-1,Cucurbita,2747186,Accepted,direct_wcvp_unique,Cucurbita pepo
10,taxus brevifolia,249736-2,Taxus brevifolia,Taxus brevifolia Nutt.,Taxaceae,Species,Taxus brevifolia,Taxus brevifolia Nutt.,249736-2,Taxus,378623,Accepted,direct_wcvp_unique,Taxus brevifolia
11,berberis buxifolia lam,31472-2,Berberis microphylla,Berberis microphylla G.Forst.,Berberidaceae,Species,Berberis microphylla,Berberis microphylla G.Forst.,31472-2,Berberis,2673528,Synonym,direct_wcvp_w_author_unique,Berberis buxifolia Lam.
13,viola odorata l,868828-1,Viola odorata,Viola odorata L.,Violaceae,Species,Viola odorata,Viola odorata L.,868828-1,Viola,2459312,Accepted,direct_wcvp_w_author_unique,Viola odorata L.
14,annickia chlorantha (oliv. )setten & maas (ex-enantiachlorantha oliv,948442-1,Annickia chlorantha,Annickia chlorantha (Oliv.) Setten & Maas,Annonaceae,Species,Annickia chlorantha,Annickia chlorantha (Oliv.) Setten & Maas,948442-1,Annickia,2640759,Accepted,knms_single,Annickia chlorantha Taxon 39: 676 (1990) (Oliv.) Setten & Maas 1990
15,momordica charantia l,293413-1,Momordica charantia,Momordica charantia L.,Cucurbitaceae,Species,Momordica charantia,Momordica charantia L.,293413-1,Momordica,2372864,Accepted,direct_wcvp_w_author_unique,Momordica charantia L.
16,achillea millefolium l,2294-2,Achillea millefolium,Achillea millefolium L.,Asteraceae,Species,Achillea millefolium,Achillea millefolium L.,2294-2,Achillea,2908230,Accepted,direct_wcvp_w_author_unique,Achillea millefolium L.
18,aloe vera,530017-1,Aloe vera,Aloe vera (L.) Burm.f.,Asphodelaceae,Species,Aloe vera,Aloe vera (L.) Burm.f.,530017-1,Aloe,298116,Accepted,direct_wcvp,Aloe vera
19,cinnamomum verum,463752-1,Cinnamomum verum,Cinnamomum verum J.Presl,Lauraceae,Species,Cinnamomum verum,Cinnamomum verum J.Presl,463752-1,Cinnamomum,2721692,Accepted,direct_wcvp_unique,Cinnamomum verum
20,berberis aquifolium pursh,31334-2,Berberis aquifolium,Berberis aquifolium Pursh,Berberidaceae,Species,Berberis aquifolium,Berberis aquifolium Pursh,31334-2,Berberis,2673426,Accepted,direct_wcvp_w_author_unique,Berberis aquifolium Pursh
21,populus tremula,302387-2,Populus tremula,Populus tremula L.,Salicaceae,Species,Populus tremula,Populus tremula L.,302387-2,Populus,2917379,Accepted,direct_wcvp_unique,Populus tremula
23,papaver somniferum,673724-1,Papaver somniferum,Papaver somniferum L.,Papaveraceae,Species,Papaver somniferum,Papaver somniferum L.,673724-1,Papaver,2561497,Accepted,direct_wcvp_unique,Papaver somniferum
24,aspalathus linearis,475647-1,Aspalathus linearis,Aspalathus linearis (Burm.f.) R.Dahlgren,Fabaceae,Species,Aspalathus linearis,Aspalathus linearis (Burm.f.) R.Dahlgren,475647-1,Aspalathus,2655801,Accepted,direct_wcvp_unique,Aspalathus linearis
25,urtica dioica,260630-2,Urtica dioica,Urtica dioica L.,Urticaceae,Species,Urtica dioica,Urtica dioica L.,260630-2,Urtica,2448560,Accepted,direct_wcvp,Urtica dioica
26,shorea roxburghii,77217927-1,Anthoshorea roxburghii,Anthoshorea roxburghii (G.Don) P.S.Ashton & J.Heck.,Dipterocarpaceae,Species,Anthoshorea roxburghii,Anthoshorea roxburghii (G.Don) P.S.Ashton & J.Heck.,77217927-1,Anthoshorea,2592562,Synonym,direct_wcvp_unique,Shorea roxburghii
27,mentha arvensis,30026217-2,Mentha arvensis,Mentha arvensis L.,Lamiaceae,Species,Mentha arvensis,Mentha arvensis L.,30026217-2,Mentha,124385,Accepted,direct_wcvp_unique,Mentha arvensis
28,cuminum cyminum,840882-1,Cuminum cyminum,Cuminum cyminum L.,Apiaceae,Species,Cuminum cyminum,Cuminum cyminum L.,840882-1,Cuminum,2747364,Accepted,direct_wcvp_unique,Cuminum cyminum
29,berberis koreana palib,106819-1,Berberis koreana,Berberis koreana Palib.,Berberidaceae,Species,Berberis koreana,Berberis koreana Palib.,106819-1,Berberis,2674019,Accepted,direct_wcvp_w_author_unique,Berberis koreana Palib.
30,angelica sinensis,77065778-1,Angelica sinensis,Angelica sinensis (Oliv.) Diels,Apiaceae,Species,Angelica sinensis,Angelica sinensis (Oliv.) Diels,77065778-1,Angelica,2639272,Accepted,direct_wcvp_unique,Angelica sinensis
32,ruta graveolens,775099-1,Ruta graveolens,Ruta graveolens L.,Rutaceae,Species,Ruta graveolens,Ruta graveolens L.,775099-1,Ruta,2527408,Accepted,direct_wcvp_unique,Ruta graveolens
33,picea abies,262609-1,Picea abies,Picea abies (L.) H.Karst.,Pinaceae,Species,Picea abies,Picea abies (L.) H.Karst.,262609-1,Picea,380406,Accepted,direct_wcvp_unique,Picea abies
35,sapindus saponaria,30035906-2,Sapindus saponaria,Sapindus saponaria L.,Sapindaceae,Species,Sapindus saponaria,Sapindus saponaria L.,30035906-2,Sapindus,2582258,Accepted,direct_wcvp,Sapindus saponaria
36,glycine max,60450240-2,Glycine max,Glycine max (L.) Merr.,Fabaceae,Species,Glycine max,Glycine max (L.) Merr.,60450240-2,Glycine,2827366,Accepted,direct_wcvp_unique,Glycine max
37,hydrastis canadensis,305699-2,Hydrastis canadensis,Hydrastis canadensis L.,Ranunculaceae,Species,Hydrastis canadensis,Hydrastis canadensis L.,305699-2,Hydrastis,2855852,Accepted,direct_wcvp,Hydrastis canadensis
39,berberis vulgaris l,328527-2,Berberis vulgaris,Berberis vulgaris L.,Berberidaceae,Species,Berberis vulgaris,Berberis vulgaris L.,328527-2,Berberis,2674612,Accepted,direct_wcvp_w_author_unique,Berberis vulgaris L.
40,commiphora molmol,127741-1,Commiphora myrrha,Commiphora myrrha (T.Nees) Engl.,Burseraceae,Species,Commiphora myrrha,Commiphora myrrha (T.Nees) Engl.,127741-1,Commiphora,2733582,Synonym,direct_wcvp_unique,Commiphora molmol
41,berberis aristata,106427-1,Berberis aristata,Berberis aristata DC.,Berberidaceae,Species,Berberis aristata,Berberis aristata DC.,106427-1,Berberis,2673438,Accepted,direct_wcvp_unique,Berberis aristata
42,glaucium corniculatum (l.)rud. subsp. corniculatum,673158-1,Glaucium corniculatum,Glaucium corniculatum (L.) Rudolph,Papaveraceae,Species,Glaucium corniculatum,Glaucium corniculatum (L.) Rudolph,673158-1,Glaucium,2826321,Accepted,autoresolution,Glaucium corniculatum
43,corydalis hendersonii hemsl,672272-1,Corydalis hendersonii,Corydalis hendersonii Hemsl.,Papaveraceae,Species,Corydalis hendersonii,Corydalis hendersonii Hemsl.,672272-1,Corydalis,2738816,Accepted,direct_wcvp_w_author_unique,Corydalis hendersonii Hemsl.
44,equisetum myriochaetum,77060052-1,Equisetum myriochaetum,Equisetum myriochaetum Schltdl. & Cham.,Equisetaceae,Species,Equisetum myriochaetum,Equisetum myriochaetum Schltdl. & Cham.,77060052-1,Equisetum,3137125,Accepted,direct_wcvp_unique,Equisetum myriochaetum
45,stahlianthus thorelii gagnep,77147302-1,Curcuma clovisii,Curcuma clovisii Škorničk.,Zingiberaceae,Species,Curcuma clovisii,Curcuma clovisii Škorničk.,77147302-1,Curcuma,266743,Synonym,direct_wcvp_w_author_unique,Stahlianthus thorelii Gagnep.
46,olea europaea,610675-1,Olea europaea,Olea europaea L.,Oleaceae,Species,Olea europaea,Olea europaea L.,610675-1,Olea,355112,Accepted,direct_wcvp_unique,Olea europaea
48,berberis libanotica ehrenb. exc. k. schneid,60450141-2,Berberis libanotica,Berberis libanotica Ehrenb. ex C.K.Schneid.,Berberidaceae,Species,Berberis libanotica,Berberis libanotica Ehrenb. ex C.K.Schneid.,60450141-2,Berberis,2674059,Accepted,knms_single,Berberis libanotica Ill. Handb. Laubholzk. 1: 310 (1905) Ehrenb. ex C.K.Schneid. 1905
50,salvia officinalis,456833-1,Salvia officinalis,Salvia officinalis L.,Lamiaceae,Species,Salvia officinalis,Salvia officinalis L.,456833-1,Salvia,183353,Accepted,direct_wcvp_unique,Salvia officinalis
51,acacia karoo,77087189-1,Vachellia karroo,Vachellia karroo (Hayne) Banfi & Galasso,Fabaceae,Species,Vachellia karroo,Vachellia karroo (Hayne) Banfi & Galasso,77087189-1,Vachellia,2612641,Synonym,knms_single,Acacia karroo Getreue Darstell. Gew. 10: t. 33 (1827) Hayne 1827
52,allium cepa,527795-1,Allium cepa,Allium cepa L.,Amaryllidaceae,Species,Allium cepa,Allium cepa L.,527795-1,Allium,295261,Accepted,direct_wcvp_unique,Allium cepa
53,tilia tomentosa moench,835608-1,Tilia tomentosa,Tilia tomentosa Moench,Malvaceae,Species,Tilia tomentosa,Tilia tomentosa Moench,835608-1,Tilia,2517619,Accepted,direct_wcvp_w_author_unique,Tilia tomentosa Moench
54,macleaya cordata (willd. )r.br,673258-1,Macleaya cordata,Macleaya cordata (Willd.) R.Br.,Papaveraceae,Species,Macleaya cordata,Macleaya cordata (Willd.) R.Br.,673258-1,Macleaya,2502545,Accepted,knms_single,Macleaya cordata Narr. Travels Africa: 218 (1826) (Willd.) R.Br. 1826
55,raphanus sativus,77159305-1,Raphanus raphanistrum subsp. sativus,Raphanus raphanistrum subsp. sativus (L.) Domin,Brassicaceae,Subspecies,Raphanus raphanistrum,Raphanus raphanistrum L.,217826-2,Raphanus raphanistrum,2422375,Synonym,direct_wcvp_unique,Raphanus sativus
56,citrus limon,60454758-2,Citrus × limon,Citrus × limon (L.) Osbeck,Rutaceae,Species,Citrus × limon,Citrus × limon (L.) Osbeck,60454758-2,Citrus,2724178,Accepted,knms_single,Citrus × limon Reise Ostindien: 250 (1765) (L.) Osbeck 1765
57,rauvolfia serpentina,81648-1,Rauvolfia serpentina,Rauvolfia serpentina (L.) Benth. ex Kurz,Apocynaceae,Species,Rauvolfia serpentina,Rauvolfia serpentina (L.) Benth. ex Kurz,81648-1,Rauvolfia,176968,Accepted,direct_wcvp_unique,Rauvolfia serpentina
61,salvia fruticosa mill,456249-1,Salvia fruticosa,Salvia fruticosa Mill.,Lamiaceae,Species,Salvia fruticosa,Salvia fruticosa Mill.,456249-1,Salvia,182683,Accepted,direct_wcvp_w_author_unique,Salvia fruticosa Mill.
62,citrullus colocynthis,291930-1,Citrullus colocynthis,Citrullus colocynthis (L.) Schrad.,Cucurbitaceae,Species,Citrullus colocynthis,Citrullus colocynthis (L.) Schrad.,291930-1,Citrullus,2723897,Accepted,direct_wcvp_unique,Citrullus colocynthis
64,curcuma longa,796451-1,Curcuma longa,Curcuma longa L.,Zingiberaceae,Species,Curcuma longa,Curcuma longa L.,796451-1,Curcuma,235249,Accepted,direct_wcvp_unique,Curcuma longa
67,centaurea cyanus,190310-1,Centaurea cyanus,Centaurea cyanus L.,Asteraceae,Species,Centaurea cyanus,Centaurea cyanus L.,190310-1,Centaurea,2926089,Accepted,direct_wcvp_unique,Centaurea cyanus
68,artemisia absinthium,300106-2,Artemisia absinthium,Artemisia absinthium L.,Asteraceae,Species,Artemisia absinthium,Artemisia absinthium L.,300106-2,Artemisia,2909600,Accepted,direct_wcvp_unique,Artemisia absinthium
70,hypericum hircinum subsp. majus,924265-1,Hypericum hircinum subsp. majus,Hypericum hircinum subsp. majus (Aiton) N.Robson,Hypericaceae,Subspecies,Hypericum hircinum,Hypericum hircinum L.,433491-1,Hypericum hircinum,515620,Accepted,direct_wcvp_unique,Hypericum hircinum subsp. majus
76,glycyrrhiza glabra,496941-1,Glycyrrhiza glabra,Glycyrrhiza glabra L.,Fabaceae,Species,Glycyrrhiza glabra,Glycyrrhiza glabra L.,496941-1,Glycyrrhiza,2827728,Accepted,direct_wcvp_unique,Glycyrrhiza glabra
77,achillea moschata wulfen,876363-1,Achillea erba-rotta subsp. moschata,Achillea erba-rotta subsp. moschata (Wulfen) Vacc.,Asteraceae,Subspecies,Achillea erba-rotta,Achillea erba-rotta All.,50869252-1,Achillea erba-rotta,3109908,Synonym,direct_wcvp_w_author_unique,Achillea moschata Wulfen
78,achillea coarcata,173896-1,Achillea coarctata,Achillea coarctata Poir.,Asteraceae,Species,Achillea coarctata,Achillea coarctata Poir.,173896-1,Achillea,3109861,Accepted,openrefine_unique,Asteraceae Achillea coarctata Poir.
79,capparis orientalis veill,77249506-1,Capparis spinosa subsp. rupestris,Capparis spinosa subsp. rupestris (Sm.) Nyman,Capparaceae,Subspecies,Capparis spinosa,Capparis spinosa L.,146789-1,Capparis spinosa,2697418,Synonym,direct_wcvp_w_author_unique,Capparis orientalis Veill.
80,entada africana,493820-1,Entada africana,Entada africana Guill. & Perr.,Fabaceae,Species,Entada africana,Entada africana Guill. & Perr.,493820-1,Entada,2789428,Accepted,direct_wcvp_unique,Entada africana
81,caulophyllum thalictroides (l.)michaux,1056122-2,Caulophyllum thalictroides,Caulophyllum thalictroides (L.) Michx.,Berberidaceae,Species,Caulophyllum thalictroides,Caulophyllum thalictroides (L.) Michx.,1056122-2,Caulophyllum,2706078,Accepted,knms_single,Caulophyllum thalictroides Fl. Bor.-Amer. 1: 205 (1803) (L.) Michx. 1803
83,thymus serpyllum,30066276-2,Thymus serpyllum,Thymus serpyllum L.,Lamiaceae,Species,Thymus serpyllum,Thymus serpyllum L.,30066276-2,Thymus,205442,Accepted,direct_wcvp_unique,Thymus serpyllum
84,ananas comosus,12322-2,Ananas comosus,Ananas comosus (L.) Merr.,Bromeliaceae,Species,Ananas comosus,Ananas comosus (L.) Merr.,12322-2,Ananas,219669,Accepted,direct_wcvp_unique,Ananas comosus
85,mitchella repens,280970-2,Mitchella repens,Mitchella repens L.,Rubiaceae,Species,Mitchella repens,Mitchella repens L.,280970-2,Mitchella,128666,Accepted,direct_wcvp_unique,Mitchella repens
86,berberis asiatica,106433-1,Berberis asiatica,Berberis asiatica Roxb. ex DC.,Berberidaceae,Species,Berberis asiatica,Berberis asiatica Roxb. ex DC.,106433-1,Berberis,2673446,Accepted,direct_wcvp,Berberis asiatica
87,scrophularia variegata m. bieb,60461553-2,Scrophularia variegata,Scrophularia variegata M.Bieb.,Scrophulariaceae,Species,Scrophularia variegata,Scrophularia variegata M.Bieb.,60461553-2,Scrophularia,3001125,Accepted,direct_wcvp_w_author_unique,Scrophularia variegata M.Bieb.
88,digitalis purpurea,802077-1,Digitalis purpurea,Digitalis purpurea L.,Plantaginaceae,Species,Digitalis purpurea,Digitalis purpurea L.,802077-1,Digitalis,2768087,Accepted,direct_wcvp_unique,Digitalis purpurea
89,foeniculum vulgare,842680-1,Foeniculum vulgare,Foeniculum vulgare Mill.,Apiaceae,Species,Foeniculum vulgare,Foeniculum vulgare Mill.,842680-1,Foeniculum,2813604,Accepted,direct_wcvp_unique,Foeniculum vulgare
90,macleaya microcarpa(maxim.) fedde,673260-1,Macleaya microcarpa,Macleaya microcarpa (Maxim.) Fedde,Papaveraceae,Species,Macleaya microcarpa,Macleaya microcarpa (Maxim.) Fedde,673260-1,Macleaya,2502542,Accepted,knms_single,Macleaya microcarpa Beibl. Bot. Jahrb. Syst. 82: 45 (1905) (Maxim.) Fedde 1905
91,scrophularia ningpoensis hemsl,809386-1,Scrophularia ningpoensis,Scrophularia ningpoensis Hemsl.,Scrophulariaceae,Species,Scrophularia ningpoensis,Scrophularia ningpoensis Hemsl.,809386-1,Scrophularia,2587380,Accepted,direct_wcvp_w_author_unique,Scrophularia ningpoensis Hemsl.
92,calendula officinalis,187894-1,Calendula officinalis,Calendula officinalis L.,Asteraceae,Species,Calendula officinalis,Calendula officinalis L.,187894-1,Calendula,2910167,Accepted,direct_wcvp_unique,Calendula officinalis
93,ficus religiosa,853563-1,Ficus religiosa,Ficus religiosa L.,Moraceae,Species,Ficus religiosa,Ficus religiosa L.,853563-1,Ficus,2812027,Accepted,direct_wcvp,Ficus religiosa
94,nandina domestica thunb,107544-1,Nandina domestica,Nandina domestica Thunb.,Berberidaceae,Species,Nandina domestica,Nandina domestica Thunb.,107544-1,Nandina,2380006,Accepted,direct_wcvp_w_author_unique,Nandina domestica Thunb.
95,rosmarinus officinalis,457138-1,Salvia rosmarinus,Salvia rosmarinus Spenn.,Lamiaceae,Species,Salvia rosmarinus,Salvia rosmarinus Spenn.,457138-1,Salvia,179873,Synonym,direct_wcvp_unique,Rosmarinus officinalis
96,lycium barbarum,816356-1,Lycium barbarum,Lycium barbarum L.,Solanaceae,Species,Lycium barbarum,Lycium barbarum L.,816356-1,Lycium,2499019,Accepted,direct_wcvp,Lycium barbarum
97,argemone platyceras l,671713-1,Argemone platyceras,Argemone platyceras Link & Otto,Papaveraceae,Species,Argemone platyceras,Argemone platyceras Link & Otto,671713-1,Argemone,2650548,Accepted,knms_single,Argemone platyceras Icon. Pl. Rar. 1: 58 (1829) Link & Otto 1829
98,gentiana officinalis,368591-1,Gentiana officinalis,Gentiana officinalis Harry Sm.,Gentianaceae,Species,Gentiana officinalis,Gentiana officinalis Harry Sm.,368591-1,Gentiana,2821065,Accepted,direct_wcvp_unique,Gentiana officinalis
100,valeriana officinalis,860012-1,Valeriana officinalis,Valeriana officinalis L.,Caprifoliaceae,Species,Valeriana officinalis,Valeriana officinalis L.,860012-1,Valeriana,2464616,Accepted,direct_wcvp_unique,Valeriana officinalis
102,melissa officinalis,450084-1,Melissa officinalis,Melissa officinalis L.,Lamiaceae,Species,Melissa officinalis,Melissa officinalis L.,450084-1,Melissa,124103,Accepted,direct_wcvp_unique,Melissa officinalis
103,allium sativum l,528796-1,Allium sativum,Allium sativum L.,Amaryllidaceae,Species,Allium sativum,Allium sativum L.,528796-1,Allium,296499,Accepted,direct_wcvp_w_author_unique,Allium sativum L.
105,chelidonium majus,303589-2,Chelidonium majus,Chelidonium majus L.,Papaveraceae,Species,Chelidonium majus,Chelidonium majus L.,303589-2,Chelidonium,2716702,Accepted,direct_wcvp_unique,Chelidonium majus
106,panax quinquefolia,300467-2,Panax quinquefolius,Panax quinquefolius L.,Araliaceae,Species,Panax quinquefolius,Panax quinquefolius L.,300467-2,Panax,146781,Accepted,knms_single,Panax quinquefolius Sp. Pl.: 1058 (1753) L. 1753
107,avena sativa,391732-1,Avena sativa,Avena sativa L.,Poaceae,Species,Avena sativa,Avena sativa L.,391732-1,Avena,397860,Accepted,direct_wcvp_unique,Avena sativa
108,carica papaya,30011248-2,Carica papaya,Carica papaya L.,Caricaceae,Species,Carica papaya,Carica papaya L.,30011248-2,Carica,2700919,Accepted,direct_wcvp_unique,Carica papaya
109,trifolium pratense,523575-1,Trifolium pratense,Trifolium pratense L.,Fabaceae,Species,Trifolium pratense,Trifolium pratense L.,523575-1,Trifolium,2440043,Accepted,direct_wcvp_unique,Trifolium pratense
110,cinchona officinalis l,58723-2,Cinchona officinalis,Cinchona officinalis L.,Rubiaceae,Species,Cinchona officinalis,Cinchona officinalis L.,58723-2,Cinchona,40720,Accepted,direct_wcvp_w_author_unique,Cinchona officinalis L.
111,moringa oleifera,584736-1,Moringa oleifera,Moringa oleifera Lam.,Moringaceae,Species,Moringa oleifera,Moringa oleifera Lam.,584736-1,Moringa,2501705,Accepted,direct_wcvp_unique,Moringa oleifera
113,andrographis paniculata,45226-1,Andrographis paniculata,Andrographis paniculata (Burm.f.) Wall. ex Nees,Acanthaceae,Species,Andrographis paniculata,Andrographis paniculata (Burm.f.) Wall. ex Nees,45226-1,Andrographis,2637069,Accepted,direct_wcvp_unique,Andrographis paniculata
114,corydalis solida subsp.brachylova,77252296-1,Corydalis solida subsp. brachyloba,Corydalis solida subsp. brachyloba (Boiss.) Cullen & P.H.Davis,Papaveraceae,Subspecies,Corydalis solida,Corydalis solida (L.) Clairv.,60454743-2,Corydalis solida,3231877,Accepted,openrefine_unique,Papaveraceae Corydalis solida (L.) Clairv. subsp. brachyloba (Boiss.) Cullen & P.H.Davis
115,taraxacum officinale,254151-1,Taraxacum sect. Taraxacum,Taraxacum sect. Taraxacum F.H.Wigg.,Asteraceae,Species,Taraxacum sect. Taraxacum,Taraxacum sect. Taraxacum F.H.Wigg.,254151-1,Taraxacum,3137644,Synonym,direct_wcvp_unique,Taraxacum officinale
116,anthemis arvensis,177158-1,Anthemis arvensis,Anthemis arvensis L.,Asteraceae,Species,Anthemis arvensis,Anthemis arvensis L.,177158-1,Anthemis,2906677,Accepted,direct_wcvp,Anthemis arvensis
117,coptis chinensis franch,710313-1,Coptis chinensis,Coptis chinensis Franch.,Ranunculaceae,Species,Coptis chinensis,Coptis chinensis Franch.,710313-1,Coptis,2736105,Accepted,direct_wcvp_w_author_unique,Coptis chinensis Franch.
118,camellia sinensis,828548-1,Camellia sinensis,Camellia sinensis (L.) Kuntze,Theaceae,Species,Camellia sinensis,Camellia sinensis (L.) Kuntze,828548-1,Camellia,2694880,Accepted,direct_wcvp_unique,Camellia sinensis
119,cecropia obtusifolia,850947-1,Cecropia obtusifolia,Cecropia obtusifolia Bertol.,Urticaceae,Species,Cecropia obtusifolia,Cecropia obtusifolia Bertol.,850947-1,Cecropia,2707088,Accepted,direct_wcvp_unique,Cecropia obtusifolia
120,cichorium intybus,194533-1,Cichorium intybus,Cichorium intybus L.,Asteraceae,Species,Cichorium intybus,Cichorium intybus L.,194533-1,Cichorium,2901597,Accepted,direct_wcvp_unique,Cichorium intybus
121,brassica oleracea,279435-1,Brassica oleracea,Brassica oleracea L.,Brassicaceae,Species,Brassica oleracea,Brassica oleracea L.,279435-1,Brassica,2682457,Accepted,direct_wcvp_unique,Brassica oleracea
122,silybum marianum,249211-1,Silybum marianum,Silybum marianum (L.) Gaertn.,Asteraceae,Species,Silybum marianum,Silybum marianum (L.) Gaertn.,249211-1,Silybum,2901907,Accepted,direct_wcvp_unique,Silybum marianum
123,hebe salicifolia,812616-1,Veronica salicifolia,Veronica salicifolia G.Forst.,Plantaginaceae,Species,Veronica salicifolia,Veronica salicifolia G.Forst.,812616-1,Veronica,2840557,Synonym,direct_wcvp_unique,Hebe salicifolia
125,sauromatum venosum,88690-1,Sauromatum venosum,Sauromatum venosum (Aiton) Kunth,Araceae,Species,Sauromatum venosum,Sauromatum venosum (Aiton) Kunth,88690-1,Sauromatum,186383,Accepted,direct_wcvp_unique,Sauromatum venosum
126,berberis oblonga (regel) c. k.schneid,106944-1,Berberis oblonga,Berberis oblonga (Regel) C.K.Schneid.,Berberidaceae,Species,Berberis oblonga,Berberis oblonga (Regel) C.K.Schneid.,106944-1,Berberis,2674217,Accepted,direct_wcvp_w_author_unique,Berberis oblonga (Regel) C.K.Schneid.
127,vinca minor,82701-1,Vinca minor,Vinca minor L.,Apocynaceae,Species,Vinca minor,Vinca minor L.,82701-1,Vinca,213172,Accepted,direct_wcvp_unique,Vinca minor
128,euphorbia neriifolia,347489-1,Euphorbia neriifolia,Euphorbia neriifolia L.,Euphorbiaceae,Species,Euphorbia neriifolia,Euphorbia neriifolia L.,347489-1,Euphorbia,81079,Accepted,direct_wcvp,Euphorbia neriifolia
129,annona reticulata,72295-1,Annona reticulata,Annona reticulata L.,Annonaceae,Species,Annona reticulata,Annona reticulata L.,72295-1,Annona,2640996,Accepted,direct_wcvp,Annona reticulata
130,ajuga bracteosa,444595-1,Ajuga integrifolia,Ajuga integrifolia Buch.-Ham. ex D.Don,Lamiaceae,Species,Ajuga integrifolia,Ajuga integrifolia Buch.-Ham. ex D.Don,444595-1,Ajuga,5177,Illegitimate,direct_wcvp_unique,Ajuga bracteosa
131,prunus spinosa,730297-1,Prunus spinosa,Prunus spinosa L.,Rosaceae,Species,Prunus spinosa,Prunus spinosa L.,730297-1,Prunus,2921969,Accepted,direct_wcvp,Prunus spinosa
132,corchorus olitorius,320796-2,Corchorus olitorius,Corchorus olitorius L.,Malvaceae,Species,Corchorus olitorius,Corchorus olitorius L.,320796-2,Corchorus,2736427,Accepted,direct_wcvp_unique,Corchorus olitorius
133,malva sylvestris l,561932-1,Malva sylvestris,Malva sylvestris L.,Malvaceae,Species,Malva sylvestris,Malva sylvestris L.,561932-1,Malva,2504118,Accepted,direct_wcvp_w_author_unique,Malva sylvestris L.
134,capsicum annuum,316944-2,Capsicum annuum,Capsicum annuum L.,Solanaceae,Species,Capsicum annuum,Capsicum annuum L.,316944-2,Capsicum,2698415,Accepted,direct_wcvp_unique,Capsicum annuum
135,berberis umbellata wall. ex g.don,107163-1,Berberis umbellata,Berberis umbellata Wall. ex G.Don,Berberidaceae,Species,Berberis umbellata,Berberis umbellata Wall. ex G.Don,107163-1,Berberis,2674567,Accepted,direct_wcvp_w_author_unique,Berberis umbellata Wall. ex G.Don
139,arctostaphylos uva-ursi,1024084-2,Arctostaphylos uva-ursi,Arctostaphylos uva-ursi (L.) Spreng.,Ericaceae,Species,Arctostaphylos uva-ursi,Arctostaphylos uva-ursi (L.) Spreng.,1024084-2,Arctostaphylos,2647407,Accepted,direct_wcvp_unique,Arctostaphylos uva-ursi
140,thymus pulegioides l,461562-1,Thymus pulegioides,Thymus pulegioides L.,Lamiaceae,Species,Thymus pulegioides,Thymus pulegioides L.,461562-1,Thymus,205310,Accepted,direct_wcvp_w_author_unique,Thymus pulegioides L.
141,hyssopus officinalis,127231-2,Hyssopus officinalis,Hyssopus officinalis L.,Lamiaceae,Species,Hyssopus officinalis,Hyssopus officinalis L.,127231-2,Hyssopus,102273,Accepted,direct_wcvp_unique,Hyssopus officinalis
142,arctium lappa,178385-1,Arctium lappa,Arctium lappa L.,Asteraceae,Species,Arctium lappa,Arctium lappa L.,178385-1,Arctium,2900828,Accepted,direct_wcvp_unique,Arctium lappa
143,lavandula angustifolia,449008-1,Lavandula angustifolia,Lavandula angustifolia Mill.,Lamiaceae,Species,Lavandula angustifolia,Lavandula angustifolia Mill.,449008-1,Lavandula,108971,Accepted,direct_wcvp,Lavandula angustifolia
144,euclea natalensis,323328-1,Euclea natalensis,Euclea natalensis A.DC.,Ebenaceae,Species,Euclea natalensis,Euclea natalensis A.DC.,323328-1,Euclea,385329,Accepted,direct_wcvp_unique,Euclea natalensis
145,coptis japonica (thunb. )makino,710316-1,Coptis japonica,Coptis japonica (Thunb.) Makino,Ranunculaceae,Species,Coptis japonica,Coptis japonica (Thunb.) Makino,710316-1,Coptis,2736112,Accepted,knms_single,Coptis japonica Bot. Mag. (Tokyo) 13: 198 (1899) (Thunb.) Makino 1899
147,helianthus annuus,119003-2,Helianthus annuus,Helianthus annuus L.,Asteraceae,Species,Helianthus annuus,Helianthus annuus L.,119003-2,Helianthus,2910966,Accepted,direct_wcvp_unique,Helianthus annuus
148,argemone albiflora hornem,671680-1,Argemone albiflora,Argemone albiflora Hornem.,Papaveraceae,Species,Argemone albiflora,Argemone albiflora Hornem.,671680-1,Argemone,2650467,Accepted,direct_wcvp_w_author_unique,Argemone albiflora Hornem.
150,argemone mexicana l,18816-2,Argemone mexicana,Argemone mexicana L.,Papaveraceae,Species,Argemone mexicana,Argemone mexicana L.,18816-2,Argemone,2650509,Accepted,direct_wcvp_w_author_unique,Argemone mexicana L.
151,petroselinum crispum,60442790-2,Petroselinum crispum,Petroselinum crispum (Mill.) Fuss,Apiaceae,Species,Petroselinum crispum,Petroselinum crispum (Mill.) Fuss,60442790-2,Petroselinum,2898243,Accepted,direct_wcvp_unique,Petroselinum crispum
157,ficus carica,852556-1,Ficus carica,Ficus carica L.,Moraceae,Species,Ficus carica,Ficus carica L.,852556-1,Ficus,2809827,Accepted,direct_wcvp_unique,Ficus carica
158,scrophularia auriculata l,809039-1,Scrophularia auriculata,Scrophularia auriculata L.,Scrophulariaceae,Species,Scrophularia auriculata,Scrophularia auriculata L.,809039-1,Scrophularia,2586267,Accepted,direct_wcvp_w_author_unique,Scrophularia auriculata L.
159,triticum aestivum l,332110-2,Triticum aestivum,Triticum aestivum L.,Poaceae,Species,Triticum aestivum,Triticum aestivum L.,332110-2,Triticum,448365,Accepted,direct_wcvp_w_author_unique,Triticum aestivum L.
163,stellaria media,159330-1,Stellaria media,Stellaria media (L.) Vill.,Caryophyllaceae,Species,Stellaria media,Stellaria media (L.) Vill.,159330-1,Stellaria,2481938,Accepted,direct_wcvp,Stellaria media
164,juglans regia,442427-1,Juglans regia,Juglans regia L.,Juglandaceae,Species,Juglans regia,Juglans regia L.,442427-1,Juglans,2331747,Accepted,direct_wcvp_unique,Juglans regia
165,sinopodophyllum hexandrum(royle) t. s. ying,327192-2,Podophyllum hexandrum,Podophyllum hexandrum Royle,Berberidaceae,Species,Podophyllum hexandrum,Podophyllum hexandrum Royle,327192-2,Podophyllum,2605548,Synonym,knms_single,Sinopodophyllum hexandrum Vasc. Pl. Hengduan Mount. 1: 558 (1993) (Royle) T.S.Ying 1993
167,pycnanthemum muticum,214748-2,Pycnanthemum muticum,Pycnanthemum muticum (Michx.) Pers.,Lamiaceae,Species,Pycnanthemum muticum,Pycnanthemum muticum (Michx.) Pers.,214748-2,Pycnanthemum,171062,Accepted,direct_wcvp_unique,Pycnanthemum muticum
168,viburnum prunifolium,326270-2,Viburnum prunifolium,Viburnum prunifolium L.,Viburnaceae,Species,Viburnum prunifolium,Viburnum prunifolium L.,326270-2,Viburnum,2458593,Accepted,direct_wcvp_unique,Viburnum prunifolium
169,trachyspermum ammi,849765-1,Trachyspermum ammi,Trachyspermum ammi (L.) Sprague,Apiaceae,Species,Trachyspermum ammi,Trachyspermum ammi (L.) Sprague,849765-1,Trachyspermum,2438394,Accepted,direct_wcvp_unique,Trachyspermum ammi
171,stachys iva,459647-1,Stachys iva,Stachys iva Griseb.,Lamiaceae,Species,Stachys iva,Stachys iva Griseb.,459647-1,Stachys,195205,Accepted,direct_wcvp_unique,Stachys iva
172,matricaria recutita,154715-2,Matricaria chamomilla,Matricaria chamomilla L.,Asteraceae,Species,Matricaria chamomilla,Matricaria chamomilla L.,154715-2,Matricaria,2906537,Synonym,direct_wcvp_unique,Matricaria recutita
178,piper methysticum,198437-2,Piper methysticum,Piper methysticum G.Forst.,Piperaceae,Species,Piper methysticum,Piper methysticum G.Forst.,198437-2,Piper,2569602,Accepted,direct_wcvp,Piper methysticum
179,morinda citrifolia l,756359-1,Morinda citrifolia,Morinda citrifolia L.,Rubiaceae,Species,Morinda citrifolia,Morinda citrifolia L.,756359-1,Morinda,129789,Accepted,direct_wcvp_w_author_unique,Morinda citrifolia L.
181,portulaca oleracea,323270-2,Portulaca oleracea,Portulaca oleracea L.,Portulacaceae,Species,Portulaca oleracea,Portulaca oleracea L.,323270-2,Portulaca,2566490,Accepted,direct_wcvp_unique,Portulaca oleracea
182,berberis lycium royle,106865-1,Berberis lycium,Berberis lycium Royle,Berberidaceae,Species,Berberis lycium,Berberis lycium Royle,106865-1,Berberis,2674093,Accepted,direct_wcvp_w_author_unique,Berberis lycium Royle
183,xylopia polycarpa (dc.) oliv,77116323-1,Annickia polycarpa,Annickia polycarpa (DC.) Setten & Maas ex I.M.Turner,Annonaceae,Species,Annickia polycarpa,Annickia polycarpa (DC.) Setten & Maas ex I.M.Turner,77116323-1,Annickia,2467908,Synonym,direct_wcvp_w_author_unique,Xylopia polycarpa (DC.) Oliv.
187,ephedra sinica,383460-1,Ephedra sinica,Ephedra sinica Stapf,Ephedraceae,Species,Ephedra sinica,Ephedra sinica Stapf,383460-1,Ephedra,333041,Accepted,direct_wcvp_unique,Ephedra sinica
190,tapinanthus globiferus,551928-1,Tapinanthus globifer,Tapinanthus globifer (A.Rich.) Tiegh.,Loranthaceae,Species,Tapinanthus globifer,Tapinanthus globifer (A.Rich.) Tiegh.,551928-1,Tapinanthus,2441840,Accepted,openrefine_unique,Loranthaceae Tapinanthus globifer (A.Rich.) Tiegh.
191,eryngium cymosum f. delaroche,841746-1,Eryngium cymosum,Eryngium cymosum F.Delaroche,Apiaceae,Species,Eryngium cymosum,Eryngium cymosum F.Delaroche,841746-1,Eryngium,2799215,Accepted,autoresolution,Eryngium cymosum
192,sedum maximum,274211-1,Hylotelephium maximum,Hylotelephium maximum (L.) Holub,Crassulaceae,Species,Hylotelephium maximum,Hylotelephium maximum (L.) Holub,274211-1,Hylotelephium,2483346,Synonym,direct_wcvp_unique,Sedum maximum
194,bocconia frutescens l,316358-2,Bocconia frutescens,Bocconia frutescens L.,Papaveraceae,Species,Bocconia frutescens,Bocconia frutescens L.,316358-2,Bocconia,2677862,Accepted,direct_wcvp_w_author_unique,Bocconia frutescens L.
195,beta vulgaris,164505-1,Beta vulgaris,Beta vulgaris L.,Amaranthaceae,Species,Beta vulgaris,Beta vulgaris L.,164505-1,Beta,2675613,Accepted,direct_wcvp_unique,Beta vulgaris
196,tanacetum parthenium,252460-1,Tanacetum parthenium,Tanacetum parthenium (L.) Sch.Bip.,Asteraceae,Species,Tanacetum parthenium,Tanacetum parthenium (L.) Sch.Bip.,252460-1,Tanacetum,2916972,Accepted,direct_wcvp_unique,Tanacetum parthenium
197,viola tricolor l,869428-1,Viola tricolor,Viola tricolor L.,Violaceae,Species,Viola tricolor,Viola tricolor L.,869428-1,Viola,2461201,Accepted,direct_wcvp_w_author_unique,Viola tricolor L.
198,berberis pseudumbellata r.parker,107014-1,Berberis pseudumbellata,Berberis pseudumbellata R.Parker,Berberidaceae,Species,Berberis pseudumbellata,Berberis pseudumbellata R.Parker,107014-1,Berberis,2674336,Accepted,direct_wcvp_w_author_unique,Berberis pseudumbellata R.Parker
199,cucurbita maxima,30006538-2,Cucurbita maxima,Cucurbita maxima Duchesne,Cucurbitaceae,Species,Cucurbita maxima,Cucurbita maxima Duchesne,30006538-2,Cucurbita,2747160,Accepted,direct_wcvp_unique,Cucurbita maxima
200,berberis integerrima bunge,106778-1,Berberis integerrima,Berberis integerrima Bunge,Berberidaceae,Species,Berberis integerrima,Berberis integerrima Bunge,106778-1,Berberis,2673955,Accepted,direct_wcvp_w_author_unique,Berberis integerrima Bunge
202,mimosa pudica,313242-2,Mimosa pudica,Mimosa pudica L.,Fabaceae,Species,Mimosa pudica,Mimosa pudica L.,313242-2,Mimosa,2373711,Accepted,direct_wcvp_unique,Mimosa pudica
203,senecio candicans,244324-1,Senecio candicans,Senecio candicans Wall. ex DC.,Asteraceae,Species,Senecio candicans,Senecio candicans Wall. ex DC.,244324-1,Senecio,3080451,Accepted,direct_wcvp,Senecio candicans
204,plantago ovata,685486-1,Plantago ovata,Plantago ovata Forssk.,Plantaginaceae,Species,Plantago ovata,Plantago ovata Forssk.,685486-1,Plantago,2569899,Accepted,direct_wcvp,Plantago ovata
205,nigella sativa l,711687-1,Nigella sativa,Nigella sativa L.,Ranunculaceae,Species,Nigella sativa,Nigella sativa L.,711687-1,Nigella,2381679,Accepted,direct_wcvp_w_author_unique,Nigella sativa L.
207,scrophularia striata boiss,809537-1,Scrophularia striata,Scrophularia striata Boiss.,Scrophulariaceae,Species,Scrophularia striata,Scrophularia striata Boiss.,809537-1,Scrophularia,2587276,Accepted,direct_wcvp_w_author_unique,Scrophularia striata Boiss.
208,syzygium aromaticum,601421-1,Syzygium aromaticum,Syzygium aromaticum (L.) Merr. & L.M.Perry,Myrtaceae,Species,Syzygium aromaticum,Syzygium aromaticum (L.) Merr. & L.M.Perry,601421-1,Syzygium,199236,Accepted,direct_wcvp_unique,Syzygium aromaticum
209,carlina acaulis,189213-1,Carlina acaulis,Carlina acaulis L.,Asteraceae,Species,Carlina acaulis,Carlina acaulis L.,189213-1,Carlina,2925901,Accepted,direct_wcvp,Carlina acaulis
210,sedum acre,274996-1,Sedum acre,Sedum acre L.,Crassulaceae,Species,Sedum acre,Sedum acre L.,274996-1,Sedum,2483146,Accepted,direct_wcvp_unique,Sedum acre
211,ginkgo biloba,262125-1,Ginkgo biloba,Ginkgo biloba L.,Ginkgoaceae,Species,Ginkgo biloba,Ginkgo biloba L.,262125-1,Ginkgo,334053,Accepted,direct_wcvp_unique,Ginkgo biloba
214,mentha piperita,450969-1,Mentha × piperita,Mentha × piperita L.,Lamiaceae,Species,Mentha × piperita,Mentha × piperita L.,450969-1,Mentha,125188,Accepted,knms_single,Mentha × piperita Sp. Pl.: 576 (1753) L. 1753
216,hypericum perforatum,433719-1,Hypericum perforatum,Hypericum perforatum L.,Hypericaceae,Species,Hypericum perforatum,Hypericum perforatum L.,433719-1,Hypericum,516286,Accepted,direct_wcvp_unique,Hypericum perforatum
217,terminalia chebula,171037-1,Terminalia chebula,Terminalia chebula Retz.,Combretaceae,Species,Terminalia chebula,Terminalia chebula Retz.,171037-1,Terminalia,2431324,Accepted,direct_wcvp_unique,Terminalia chebula
218,daucus carota,841063-1,Daucus carota,Daucus carota L.,Apiaceae,Species,Daucus carota,Daucus carota L.,841063-1,Daucus,2757936,Accepted,direct_wcvp_unique,Daucus carota
219,vaccinium myrtillus,30006039-2,Vaccinium myrtillus,Vaccinium myrtillus L.,Ericaceae,Species,Vaccinium myrtillus,Vaccinium myrtillus L.,30006039-2,Vaccinium,2457648,Accepted,direct_wcvp_unique,Vaccinium myrtillus
220,serenoa repens,941782-1,Serenoa repens,Serenoa repens (W.Bartram) Small,Arecaceae,Species,Serenoa repens,Serenoa repens (W.Bartram) Small,941782-1,Serenoa,190787,Accepted,direct_wcvp_unique,Serenoa repens
222,scrophularia nodosa l,30088899-2,Scrophularia nodosa,Scrophularia nodosa L.,Scrophulariaceae,Species,Scrophularia nodosa,Scrophularia nodosa L.,30088899-2,Scrophularia,2587382,Accepted,direct_wcvp_w_author_unique,Scrophularia nodosa L.
223,abelmoschus esculentus,558006-1,Abelmoschus esculentus,Abelmoschus esculentus (L.) Moench,Malvaceae,Species,Abelmoschus esculentus,Abelmoschus esculentus (L.) Moench,558006-1,Abelmoschus,2609574,Accepted,direct_wcvp_unique,Abelmoschus esculentus
224,azadirachta indica,1213180-2,Azadirachta indica,Azadirachta indica A.Juss.,Meliaceae,Species,Azadirachta indica,Azadirachta indica A.Juss.,1213180-2,Azadirachta,2667002,Accepted,direct_wcvp_unique,Azadirachta indica
225,plectranthus amboinicus,445902-1,Coleus amboinicus,Coleus amboinicus Lour.,Lamiaceae,Species,Coleus amboinicus,Coleus amboinicus Lour.,445902-1,Coleus,157885,Synonym,direct_wcvp_unique,Plectranthus amboinicus
226,ageratina petiolaris,6986-2,Ageratina petiolaris,Ageratina petiolaris (Moc. & Sessé ex DC.) R.M.King & H.Rob.,Asteraceae,Species,Ageratina petiolaris,Ageratina petiolaris (Moc. & Sessé ex DC.) R.M.King & H.Rob.,6986-2,Ageratina,3127467,Accepted,direct_wcvp_unique,Ageratina petiolaris
231,inula helenium,225914-1,Inula helenium,Inula helenium L.,Asteraceae,Species,Inula helenium,Inula helenium L.,225914-1,Inula,2901737,Accepted,direct_wcvp,Inula helenium
233,murraya koenigii,771522-1,Bergera koenigii,Bergera koenigii L.,Rutaceae,Species,Bergera koenigii,Bergera koenigii L.,771522-1,Bergera,2510478,Synonym,direct_wcvp_unique,Murraya koenigii
234,zingiber officinale,798372-1,Zingiber officinale,Zingiber officinale Roscoe,Zingiberaceae,Species,Zingiber officinale,Zingiber officinale Roscoe,798372-1,Zingiber,273361,Accepted,direct_wcvp_unique,Zingiber officinale
235,berberis jaeschkeana c. k.schneid,106787-1,Berberis jaeschkeana,Berberis jaeschkeana C.K.Schneid.,Berberidaceae,Species,Berberis jaeschkeana,Berberis jaeschkeana C.K.Schneid.,106787-1,Berberis,2673971,Accepted,direct_wcvp_w_author_unique,Berberis jaeschkeana C.K.Schneid.
236,elettaria cadamomum,796556-1,Elettaria cardamomum,Elettaria cardamomum (L.) Maton,Zingiberaceae,Species,Elettaria cardamomum,Elettaria cardamomum (L.) Maton,796556-1,Elettaria,243056,Accepted,openrefine_unique,Zingiberaceae Elettaria cardamomum (L.) Maton
237,anethum graveolens l,837530-1,Anethum graveolens,Anethum graveolens L.,Apiaceae,Species,Anethum graveolens,Anethum graveolens L.,837530-1,Anethum,2638934,Accepted,direct_wcvp_w_author_unique,Anethum graveolens L.
239,echinacea angustifolia dc,87143-2,Echinacea angustifolia,Echinacea angustifolia DC.,Asteraceae,Species,Echinacea angustifolia,Echinacea angustifolia DC.,87143-2,Echinacea,2910344,Accepted,direct_wcvp_w_author_unique,Echinacea angustifolia DC.
240,annickia pilosa (exell) setten &maas (ex-enantia pilosa exell,948448-1,Annickia pilosa,Annickia pilosa (Exell) Setten & Maas,Annonaceae,Species,Annickia pilosa,Annickia pilosa (Exell) Setten & Maas,948448-1,Annickia,2640765,Accepted,knms_single,Annickia pilosa Taxon 39: 676 (1990) (Exell) Setten & Maas 1990
242,persea americana,325643-2,Persea americana,Persea americana Mill.,Lauraceae,Species,Persea americana,Persea americana Mill.,325643-2,Persea,2529835,Accepted,direct_wcvp_unique,Persea americana
243,oenothera biennis,172755-2,Oenothera biennis,Oenothera biennis L.,Onagraceae,Species,Oenothera biennis,Oenothera biennis L.,172755-2,Oenothera,2399189,Accepted,direct_wcvp_unique,Oenothera biennis
244,matricaria pubescens,236194-1,Otoglyphis pubescens,Otoglyphis pubescens (Desf.) Pomel,Asteraceae,Species,Otoglyphis pubescens,Otoglyphis pubescens (Desf.) Pomel,236194-1,Otoglyphis,3112111,Synonym,direct_wcvp_unique,Matricaria pubescens
245,papaver hybridum l,,Roemeria sicula,"Roemeria sicula (Guss.) Galasso, Banfi, L.Sáez & Bartolucci",Papaveraceae,Species,Roemeria sicula,"Roemeria sicula (Guss.) Galasso, Banfi, L.Sáez & Bartolucci",,Roemeria,2560734,Synonym,direct_wcvp_w_author_unique,Papaver hybridum L.
246,lagenaria siceraria,134809-2,Lagenaria siceraria,Lagenaria siceraria (Molina) Standl.,Cucurbitaceae,Species,Lagenaria siceraria,Lagenaria siceraria (Molina) Standl.,134809-2,Lagenaria,2342950,Accepted,direct_wcvp_unique,Lagenaria siceraria
247,vitex agnus-castus,865568-1,Vitex agnus-castus,Vitex agnus-castus L.,Lamiaceae,Species,Vitex agnus-castus,Vitex agnus-castus L.,865568-1,Vitex,213297,Accepted,direct_wcvp_unique,Vitex agnus-castus
248,apium graveolens,838067-1,Apium graveolens,Apium graveolens L.,Apiaceae,Species,Apium graveolens,Apium graveolens L.,838067-1,Apium,2644053,Accepted,direct_wcvp,Apium graveolens
250,mahonia napaulensis dc,60461528-2,Berberis napaulensis,Berberis napaulensis (DC.) Spreng.,Berberidaceae,Species,Berberis napaulensis,Berberis napaulensis (DC.) Spreng.,60461528-2,Berberis,2359291,Synonym,direct_wcvp_w_author_unique,Mahonia napaulensis DC.
252,berberis tinctoria lesch,107137-1,Berberis tinctoria,Berberis tinctoria Lesch.,Berberidaceae,Species,Berberis tinctoria,Berberis tinctoria Lesch.,107137-1,Berberis,2674529,Accepted,direct_wcvp_w_author_unique,Berberis tinctoria Lesch.
253,impatiens capensis,30008241-2,Impatiens capensis,Impatiens capensis Meerb.,Balsaminaceae,Species,Impatiens capensis,Impatiens capensis Meerb.,30008241-2,Impatiens,2862264,Accepted,direct_wcvp,Impatiens capensis
254,boswellia serrata,127067-1,Boswellia serrata,Boswellia serrata Roxb.,Burseraceae,Species,Boswellia serrata,Boswellia serrata Roxb.,127067-1,Boswellia,2680580,Accepted,direct_wcvp_unique,Boswellia serrata
255,pulicaria wightiana,240627-1,Pulicaria wightiana,Pulicaria wightiana (DC.) C.B.Clarke,Asteraceae,Species,Pulicaria wightiana,Pulicaria wightiana (DC.) C.B.Clarke,240627-1,Pulicaria,3113751,Accepted,direct_wcvp_unique,Pulicaria wightiana
256,linum usitatissimum,544772-1,Linum usitatissimum,Linum usitatissimum L.,Linaceae,Species,Linum usitatissimum,Linum usitatissimum L.,544772-1,Linum,2353429,Accepted,direct_wcvp_unique,Linum usitatissimum
257,eleusine coracana,399945-1,Eleusine coracana,Eleusine coracana (L.) Gaertn.,Poaceae,Species,Eleusine coracana,Eleusine coracana (L.) Gaertn.,399945-1,Eleusine,410607,Accepted,direct_wcvp_unique,Eleusine coracana
258,trigonella foenum-graecum,523957-1,Trigonella foenum-graecum,Trigonella foenum-graecum L.,Fabaceae,Species,Trigonella foenum-graecum,Trigonella foenum-graecum L.,523957-1,Trigonella,2441407,Accepted,direct_wcvp_unique,Trigonella foenum-graecum
259,laurus nobilis,465049-1,Laurus nobilis,Laurus nobilis L.,Lauraceae,Species,Laurus nobilis,Laurus nobilis L.,465049-1,Laurus,2349094,Accepted,direct_wcvp_unique,Laurus nobilis
260,gymnema sylvestre (retz.) r. br. ex sm,60454719-2,Gymnema sylvestre,Gymnema sylvestre (Retz.) R.Br. ex Sm.,Apocynaceae,Species,Gymnema sylvestre,Gymnema sylvestre (Retz.) R.Br. ex Sm.,60454719-2,Gymnema,506350,Accepted,knms_single,"Gymnema sylvestre A.Rees, Cycl. 17: n.º 4 (1811) (Retz.) R.Br. ex Sm. 1811"
263,berberis darwinii hook,273235-2,Berberis darwinii,Berberis darwinii Hook.,Berberidaceae,Species,Berberis darwinii,Berberis darwinii Hook.,273235-2,Berberis,2673673,Accepted,direct_wcvp_w_author_unique,Berberis darwinii Hook.
264,syzygium cumini,601603-1,Syzygium cumini,Syzygium cumini (L.) Skeels,Myrtaceae,Species,Syzygium cumini,Syzygium cumini (L.) Skeels,601603-1,Syzygium,199476,Accepted,direct_wcvp_unique,Syzygium cumini
265,ocimum tenuiflorum,453130-1,Ocimum tenuiflorum,Ocimum tenuiflorum L.,Lamiaceae,Species,Ocimum tenuiflorum,Ocimum tenuiflorum L.,453130-1,Ocimum,137105,Accepted,direct_wcvp_unique,Ocimum tenuiflorum
266,spinacia oleracea,167384-1,Spinacia oleracea,Spinacia oleracea L.,Amaranthaceae,Species,Spinacia oleracea,Spinacia oleracea L.,167384-1,Spinacia,2483900,Accepted,direct_wcvp_unique,Spinacia oleracea
267,cimicifuga racemosa,316204-2,Actaea racemosa,Actaea racemosa L.,Ranunculaceae,Species,Actaea racemosa,Actaea racemosa L.,316204-2,Actaea,2720998,Synonym,direct_wcvp_unique,Cimicifuga racemosa
269,pulsatilla patens,30094592-2,Pulsatilla patens,Pulsatilla patens (L.) Mill.,Ranunculaceae,Species,Pulsatilla patens,Pulsatilla patens (L.) Mill.,30094592-2,Pulsatilla,2544200,Accepted,direct_wcvp_unique,Pulsatilla patens
272,brassica juncea,60442520-2,Brassica juncea,Brassica juncea (L.) Czern.,Brassicaceae,Species,Brassica juncea,Brassica juncea (L.) Czern.,60442520-2,Brassica,2682298,Accepted,direct_wcvp_unique,Brassica juncea
273,rubus idaeus,298089-2,Rubus idaeus,Rubus idaeus L.,Rosaceae,Species,Rubus idaeus,Rubus idaeus L.,298089-2,Rubus,2982071,Accepted,direct_wcvp_unique,Rubus idaeus
274,arachis hypogaea,318562-2,Arachis hypogaea,Arachis hypogaea L.,Fabaceae,Species,Arachis hypogaea,Arachis hypogaea L.,318562-2,Arachis,2646420,Accepted,direct_wcvp_unique,Arachis hypogaea
275,prunella vulgaris,455176-1,Prunella vulgaris,Prunella vulgaris L.,Lamiaceae,Species,Prunella vulgaris,Prunella vulgaris L.,455176-1,Prunella,166020,Accepted,direct_wcvp_unique,Prunella vulgaris
276,passiflora incarnata,675096-1,Passiflora incarnata,Passiflora incarnata L.,Passifloraceae,Species,Passiflora incarnata,Passiflora incarnata L.,675096-1,Passiflora,2560416,Accepted,direct_wcvp,Passiflora incarnata
277,mahonia fortunei (lindl. )fedde,106663-1,Berberis fortunei,Berberis fortunei Lindl.,Berberidaceae,Species,Berberis fortunei,Berberis fortunei Lindl.,106663-1,Berberis,2358498,Synonym,knms_single,Mahonia fortunei Bot. Jahrb. Syst. 31: 130 (1901) (Lindl.) Fedde 1901
278,saponaria officinalis,156627-1,Saponaria officinalis,Saponaria officinalis L.,Caryophyllaceae,Species,Saponaria officinalis,Saponaria officinalis L.,156627-1,Saponaria,2484914,Accepted,direct_wcvp_unique,Saponaria officinalis
280,rollinia mucosa (jacq.) baill,72259-1,Annona mucosa,Annona mucosa Jacq.,Annonaceae,Species,Annona mucosa,Annona mucosa Jacq.,72259-1,Annona,2422355,Synonym,direct_wcvp_w_author_unique,Rollinia mucosa (Jacq.) Baill.
281,pygeum africanum,729417-1,Prunus africana,Prunus africana (Hook.f.) Kalkman,Rosaceae,Species,Prunus africana,Prunus africana (Hook.f.) Kalkman,729417-1,Prunus,2921971,Synonym,direct_wcvp_unique,Pygeum africanum
282,mandragora officinarum,816733-1,Mandragora officinarum,Mandragora officinarum L.,Solanaceae,Species,Mandragora officinarum,Mandragora officinarum L.,816733-1,Mandragora,2506563,Accepted,direct_wcvp_unique,Mandragora officinarum
283,capsella bursa-pastoris,30092589-2,Capsella bursa-pastoris,Capsella bursa-pastoris (L.) Medik.,Brassicaceae,Species,Capsella bursa-pastoris,Capsella bursa-pastoris (L.) Medik.,30092589-2,Capsella,2697999,Accepted,direct_wcvp_unique,Capsella bursa-pastoris
284,berberis petiolaris wall. ex g.don,106978-1,Berberis petiolaris,Berberis petiolaris Wall. ex G.Don,Berberidaceae,Species,Berberis petiolaris,Berberis petiolaris Wall. ex G.Don,106978-1,Berberis,2674269,Accepted,direct_wcvp_w_author_unique,Berberis petiolaris Wall. ex G.Don
286,papaver dubium l,673488-1,Papaver dubium,Papaver dubium L.,Papaveraceae,Species,Papaver dubium,Papaver dubium L.,673488-1,Papaver,2560793,Accepted,direct_wcvp_w_author_unique,Papaver dubium L.
287,coptis teeta wall,710326-1,Coptis teeta,Coptis teeta Wall.,Ranunculaceae,Species,Coptis teeta,Coptis teeta Wall.,710326-1,Coptis,2736135,Accepted,direct_wcvp_w_author_unique,Coptis teeta Wall.
288,gentiana lutea,368453-1,Gentiana lutea,Gentiana lutea L.,Gentianaceae,Species,Gentiana lutea,Gentiana lutea L.,368453-1,Gentiana,2820867,Accepted,direct_wcvp,Gentiana lutea
289,piper nigrum,682369-1,Piper nigrum,Piper nigrum L.,Piperaceae,Species,Piper nigrum,Piper nigrum L.,682369-1,Piper,2569664,Accepted,direct_wcvp_unique,Piper nigrum
290,scrophularia canina l,809084-1,Scrophularia canina,Scrophularia canina L.,Scrophulariaceae,Species,Scrophularia canina,Scrophularia canina L.,809084-1,Scrophularia,2585617,Accepted,direct_wcvp_w_author_unique,Scrophularia canina L.
291,coriandrum sativum,840760-1,Coriandrum sativum,Coriandrum sativum L.,Apiaceae,Species,Coriandrum sativum,Coriandrum sativum L.,840760-1,Coriandrum,2737546,Accepted,direct_wcvp_unique,Coriandrum sativum
296,origanum vulgare,453395-1,Origanum vulgare,Origanum vulgare L.,Lamiaceae,Species,Origanum vulgare,Origanum vulgare L.,453395-1,Origanum,143954,Accepted,direct_wcvp_unique,Origanum vulgare
298,angelica archangelica,837560-1,Angelica archangelica,Angelica archangelica L.,Apiaceae,Species,Angelica archangelica,Angelica archangelica L.,837560-1,Angelica,2638995,Accepted,direct_wcvp_unique,Angelica archangelica
299,veronica officinalis,812402-1,Veronica officinalis,Veronica officinalis L.,Plantaginaceae,Species,Veronica officinalis,Veronica officinalis L.,812402-1,Veronica,2463283,Accepted,direct_wcvp_unique,Veronica officinalis
300,tinospora sinensis (lour. )merr,581638-1,Tinospora sinensis,Tinospora sinensis (Lour.) Merr.,Menispermaceae,Species,Tinospora sinensis,Tinospora sinensis (Lour.) Merr.,581638-1,Tinospora,2516871,Accepted,knms_single,Tinospora sinensis Sunyatsenia 1: 193 (1934) (Lour.) Merr. 1934
301,salvia haenkei,456337-1,Salvia haenkei,Salvia haenkei Benth.,Lamiaceae,Species,Salvia haenkei,Salvia haenkei Benth.,456337-1,Salvia,182777,Accepted,direct_wcvp_unique,Salvia haenkei
305,cannabis sativa l,306087-2,Cannabis sativa,Cannabis sativa L.,Cannabaceae,Species,Cannabis sativa,Cannabis sativa L.,306087-2,Cannabis,2696480,Accepted,direct_wcvp_w_author_unique,Cannabis sativa L.
310,tilia cordata mill,835277-1,Tilia cordata,Tilia cordata Mill.,Malvaceae,Species,Tilia cordata,Tilia cordata Mill.,835277-1,Tilia,2518181,Accepted,direct_wcvp_w_author_unique,Tilia cordata Mill.
316,berberis actinacantha mart,106382-1,Berberis actinacantha,Berberis actinacantha Mart. ex Schult. & Schult.f.,Berberidaceae,Species,Berberis actinacantha,Berberis actinacantha Mart. ex Schult. & Schult.f.,106382-1,Berberis,2673364,Accepted,autoresolution,Berberis actinacantha
322,areca catechu,664107-1,Areca catechu,Areca catechu L.,Arecaceae,Species,Areca catechu,Areca catechu L.,664107-1,Areca,14517,Accepted,direct_wcvp_unique,Areca catechu
325,barosma betulina,770863-1,Agathosma betulina,Agathosma betulina (P.J.Bergius) Pillans,Rutaceae,Species,Agathosma betulina,Agathosma betulina (P.J.Bergius) Pillans,770863-1,Agathosma,2670343,Synonym,direct_wcvp_unique,Barosma betulina
350,sideritis raeseri boiss & heldr. subsp. raeseri,77171935-1,Sideritis raeseri subsp. raeseri,Sideritis raeseri subsp. raeseri,Lamiaceae,Subspecies,Sideritis raeseri,Sideritis raeseri Boiss. & Heldr.,459065-1,Sideritis raeseri,191597,Accepted,knms_single,Sideritis raeseri subsp. raeseri
351,achillea crithmifolia waldst. & kit,173918-1,Achillea crithmifolia,Achillea crithmifolia Waldst. & Kit.,Asteraceae,Species,Achillea crithmifolia,Achillea crithmifolia Waldst. & Kit.,173918-1,Achillea,3109769,Accepted,direct_wcvp_w_author_unique,Achillea crithmifolia Waldst. & Kit.
355,turnera aphrodisiaca,836578-1,Turnera diffusa,Turnera diffusa Willd. ex Schult.,Passifloraceae,Species,Turnera diffusa,Turnera diffusa Willd. ex Schult.,836578-1,Turnera,2519416,Synonym,direct_wcvp_unique,Turnera aphrodisiaca
363,tussilago farfara l,256904-1,Tussilago farfara,Tussilago farfara L.,Asteraceae,Species,Tussilago farfara,Tussilago farfara L.,256904-1,Tussilago,2901763,Accepted,direct_wcvp_w_author_unique,Tussilago farfara L.
366,artemisia annua,304416-2,Artemisia annua,Artemisia annua L.,Asteraceae,Species,Artemisia annua,Artemisia annua L.,304416-2,Artemisia,2901442,Accepted,direct_wcvp,Artemisia annua
369,atropa belladonna,814358-1,Atropa bella-donna,Atropa bella-donna L.,Solanaceae,Species,Atropa bella-donna,Atropa bella-donna L.,814358-1,Atropa,2665943,Accepted,knms_single,Atropa bella-donna Sp. Pl.: 181 (1753) L. 1753
374,erythroxylum coca,330132-2,Erythroxylum coca,Erythroxylum coca Lam.,Erythroxylaceae,Species,Erythroxylum coca,Erythroxylum coca Lam.,330132-2,Erythroxylum,2801328,Accepted,direct_wcvp_unique,Erythroxylum coca
376,theobroma cacao,320783-2,Theobroma cacao,Theobroma cacao L.,Malvaceae,Species,Theobroma cacao,Theobroma cacao L.,320783-2,Theobroma,2519807,Accepted,direct_wcvp_unique,Theobroma cacao
380,ferula assafoetida l,842190-1,Ferula assa-foetida,Ferula assa-foetida L.,Apiaceae,Species,Ferula assa-foetida,Ferula assa-foetida L.,842190-1,Ferula,2808328,Accepted,knms_single,Ferula assa-foetida Sp. Pl.: 248 (1753) L. 1753
381,elymus repens,90320-2,Elymus repens,Elymus repens (L.) Gould,Poaceae,Species,Elymus repens,Elymus repens (L.) Gould,90320-2,Elymus,411505,Accepted,direct_wcvp_unique,Elymus repens
382,harpagophytum procumbens,675824-1,Harpagophytum procumbens,Harpagophytum procumbens (Burch.) DC. ex Meisn.,Pedaliaceae,Species,Harpagophytum procumbens,Harpagophytum procumbens (Burch.) DC. ex Meisn.,675824-1,Harpagophytum,2839701,Accepted,direct_wcvp_unique,Harpagophytum procumbens
387,vernonia amygdalina,210886-1,Gymnanthemum amygdalinum,Gymnanthemum amygdalinum (Delile) Sch.Bip.,Asteraceae,Species,Gymnanthemum amygdalinum,Gymnanthemum amygdalinum (Delile) Sch.Bip.,210886-1,Gymnanthemum,3055640,Synonym,direct_wcvp_unique,Vernonia amygdalina
390,centaurea ragusina l,191406-1,Centaurea ragusina,Centaurea ragusina L.,Asteraceae,Species,Centaurea ragusina,Centaurea ragusina L.,191406-1,Centaurea,3049113,Accepted,direct_wcvp_w_author_unique,Centaurea ragusina L.
397,scrophularia oldhamii oliv,77227845-1,Scrophularia buergeriana var. buergeriana,Scrophularia buergeriana var. buergeriana,Scrophulariaceae,Variety,Scrophularia buergeriana,Scrophularia buergeriana Miq.,809070-1,Scrophularia buergeriana,2587238,Synonym,direct_wcvp_w_author_unique,Scrophularia oldhamii Oliv.
399,tinospora cordifolia(willd.) miers,907828-1,Tinospora cordifolia,Tinospora cordifolia (Willd.) Hook.f. & Thomson,Menispermaceae,Species,Tinospora cordifolia,Tinospora cordifolia (Willd.) Hook.f. & Thomson,907828-1,Tinospora,2517090,Accepted,knms_single,Tinospora cordifolia Fl. Ind. 1: 184 (1855) (Willd.) Hook.f. & Thomson 1855
401,equisetum arvense,300073-2,Equisetum arvense,Equisetum arvense L.,Equisetaceae,Species,Equisetum arvense,Equisetum arvense L.,300073-2,Equisetum,2910663,Accepted,direct_wcvp_unique,Equisetum arvense
404,rumex rupestris le gall,697469-1,Rumex rupestris,Rumex rupestris Le Gall,Polygonaceae,Species,Rumex rupestris,Rumex rupestris Le Gall,697469-1,Rumex,2424782,Accepted,direct_wcvp_w_author_unique,Rumex rupestris Le Gall
406,alkanna tinctoria,112753-1,Alkanna tinctoria,Alkanna tinctoria Tausch,Boraginaceae,Species,Alkanna tinctoria,Alkanna tinctoria Tausch,112753-1,Alkanna,2628546,Accepted,direct_wcvp,Alkanna tinctoria
407,asparagus officinalis,531229-1,Asparagus officinalis,Asparagus officinalis L.,Asparagaceae,Species,Asparagus officinalis,Asparagus officinalis L.,531229-1,Asparagus,275197,Accepted,direct_wcvp_unique,Asparagus officinalis
410,juniperus communis,30088655-2,Juniperus communis,Juniperus communis L.,Cupressaceae,Species,Juniperus communis,Juniperus communis L.,30088655-2,Juniperus,377427,Accepted,direct_wcvp,Juniperus communis
412,ajuga laxmannii,444609-1,Ajuga laxmannii,Ajuga laxmannii (L.) Benth.,Lamiaceae,Species,Ajuga laxmannii,Ajuga laxmannii (L.) Benth.,444609-1,Ajuga,5308,Accepted,direct_wcvp_unique,Ajuga laxmannii
416,dictamnus albus,772356-1,Dictamnus albus,Dictamnus albus L.,Rutaceae,Species,Dictamnus albus,Dictamnus albus L.,772356-1,Dictamnus,2766952,Accepted,direct_wcvp_unique,Dictamnus albus
419,combretum collinum fresen,170004-1,Combretum collinum,Combretum collinum Fresen.,Combretaceae,Species,Combretum collinum,Combretum collinum Fresen.,170004-1,Combretum,2732500,Accepted,direct_wcvp_w_author_unique,Combretum collinum Fresen.
422,artocarpus tonkinensis,582651-1,Artocarpus tonkinensis,Artocarpus tonkinensis A.Chev. ex Gagnep.,Moraceae,Species,Artocarpus tonkinensis,Artocarpus tonkinensis A.Chev. ex Gagnep.,582651-1,Artocarpus,2654101,Accepted,direct_wcvp_unique,Artocarpus tonkinensis
425,quassia amara,814006-1,Quassia amara,Quassia amara L.,Simaroubaceae,Species,Quassia amara,Quassia amara L.,814006-1,Quassia,2868415,Accepted,direct_wcvp_unique,Quassia amara
434,scrophularia grossheimii schischkin,809599-1,Scrophularia versicolor,Scrophularia versicolor Boiss.,Scrophulariaceae,Species,Scrophularia versicolor,Scrophularia versicolor Boiss.,809599-1,Scrophularia,2586242,Synonym,autoresolution,Scrophularia grossheimii
441,cassia angustifolia,77208460-1,Senna alexandrina var. alexandrina,Senna alexandrina var. alexandrina,Fabaceae,Variety,Senna alexandrina,Senna alexandrina Mill.,518323-1,Senna alexandrina,2702646,Synonym,direct_wcvp_unique,Cassia angustifolia
444,panax ginseng c.a.mey,91472-1,Panax ginseng,Panax ginseng C.A.Mey.,Araliaceae,Species,Panax ginseng,Panax ginseng C.A.Mey.,91472-1,Panax,146697,Accepted,direct_wcvp_w_author_unique,Panax ginseng C.A.Mey.
446,piliostigma thonningii (schum.) milne-redh,514346-1,Piliostigma thonningii,Piliostigma thonningii (Schumach.) Milne-Redh.,Fabaceae,Species,Piliostigma thonningii,Piliostigma thonningii (Schumach.) Milne-Redh.,514346-1,Piliostigma,2539801,Accepted,knms_single,Piliostigma thonningii Hooker's Icon. Pl. 35: t. 3460 (1947) (Schumach.) Milne-Redh. 1947
447,vaccinium vitis-idaea l,293975-2,Vaccinium vitis-idaea,Vaccinium vitis-idaea L.,Ericaceae,Species,Vaccinium vitis-idaea,Vaccinium vitis-idaea L.,293975-2,Vaccinium,2457314,Accepted,direct_wcvp_w_author_unique,Vaccinium vitis-idaea L.
448,sorbus arranensis,77164896-1,Hedlundia arranensis,Hedlundia arranensis (Hedl.) Sennikov & Kurtto,Rosaceae,Species,Hedlundia arranensis,Hedlundia arranensis (Hedl.) Sennikov & Kurtto,77164896-1,Hedlundia,2991548,Synonym,direct_wcvp_unique,Sorbus arranensis
454,catharanthus roseus,77880-1,Catharanthus roseus,Catharanthus roseus (L.) G.Don,Apocynaceae,Species,Catharanthus roseus,Catharanthus roseus (L.) G.Don,77880-1,Catharanthus,35719,Accepted,direct_wcvp_unique,Catharanthus roseus
455,melaleuca alternifolia,597833-1,Melaleuca alternifolia,Melaleuca alternifolia (Maiden & Betche) Cheel,Myrtaceae,Species,Melaleuca alternifolia,Melaleuca alternifolia (Maiden & Betche) Cheel,597833-1,Melaleuca,123479,Accepted,direct_wcvp_unique,Melaleuca alternifolia
457,berberis thunbergii dc,107136-1,Berberis thunbergii,Berberis thunbergii DC.,Berberidaceae,Species,Berberis thunbergii,Berberis thunbergii DC.,107136-1,Berberis,2674513,Accepted,direct_wcvp_w_author_unique,Berberis thunbergii DC.
458,viburnum opulus l,326268-2,Viburnum opulus,Viburnum opulus L.,Viburnaceae,Species,Viburnum opulus,Viburnum opulus L.,326268-2,Viburnum,2458547,Accepted,direct_wcvp_w_author_unique,Viburnum opulus L.
459,sesamum indicum,675971-1,Sesamum indicum,Sesamum indicum L.,Pedaliaceae,Species,Sesamum indicum,Sesamum indicum L.,675971-1,Sesamum,2588550,Accepted,direct_wcvp_unique,Sesamum indicum
